time_num,date
19119,2022/5/7
19120,2022/5/8
19121,2022/5/9
19122,2022/5/10
19123,2022/5/11
19124,2022/5/12
19125,2022/5/13
19126,2022/5/14
19127,2022/5/15
19128,2022/5/16
19129,2022/5/17
19130,2022/5/18
19131,2022/5/19
19132,2022/5/20
19133,2022/5/21
19134,2022/5/22
19135,2022/5/23
19136,2022/5/24
19137,2022/5/25
19138,2022/5/26
19139,2022/5/27
19140,2022/5/28
19141,2022/5/29
19142,2022/5/30
19143,2022/5/31
19144,2022/6/1
19145,2022/6/2
19146,2022/6/3
19147,2022/6/4
19148,2022/6/5
19149,2022/6/6
19150,2022/6/7
19151,2022/6/8
19152,2022/6/9
19153,2022/6/10
19154,2022/6/11
19155,2022/6/12
19156,2022/6/13
19157,2022/6/14
19158,2022/6/15
19159,2022/6/16
19160,2022/6/17
19161,2022/6/18
19162,2022/6/19
19163,2022/6/20
19164,2022/6/21
19165,2022/6/22
19166,2022/6/23
19167,2022/6/24
19168,2022/6/25
19169,2022/6/26
19170,2022/6/27
19171,2022/6/28
19172,2022/6/29
19173,2022/6/30
19174,2022/7/1
19175,2022/7/2
19176,2022/7/3
19177,2022/7/4
19178,2022/7/5
19179,2022/7/6
19180,2022/7/7
19181,2022/7/8
19182,2022/7/9
19183,2022/7/10
19184,2022/7/11
19185,2022/7/12
19186,2022/7/13
19187,2022/7/14
19188,2022/7/15
19189,2022/7/16
19190,2022/7/17
19191,2022/7/18
19192,2022/7/19
19193,2022/7/20
19194,2022/7/21
19195,2022/7/22
19196,2022/7/23
19197,2022/7/24
19198,2022/7/25
19199,2022/7/26
19200,2022/7/27
19201,2022/7/28
19202,2022/7/29
19203,2022/7/30
19204,2022/7/31
19205,2022/8/1
19206,2022/8/2
19207,2022/8/3
19208,2022/8/4
19209,2022/8/5
19210,2022/8/6
19211,2022/8/7
19212,2022/8/8
19213,2022/8/9
19214,2022/8/10
19215,2022/8/11
19216,2022/8/12
19217,2022/8/13
19218,2022/8/14
19219,2022/8/15
19220,2022/8/16
19221,2022/8/17
19222,2022/8/18
19223,2022/8/19
19224,2022/8/20
19225,2022/8/21
19226,2022/8/22
19227,2022/8/23
19228,2022/8/24
19229,2022/8/25
19230,2022/8/26
19231,2022/8/27
19232,2022/8/28
19233,2022/8/29
19234,2022/8/30
19235,2022/8/31
19236,2022/9/1
19237,2022/9/2
19238,2022/9/3
19239,2022/9/4
19240,2022/9/5
19241,2022/9/6
19242,2022/9/7
19243,2022/9/8
19244,2022/9/9
19245,2022/9/10
19246,2022/9/11
19247,2022/9/12
19248,2022/9/13
19249,2022/9/14
19250,2022/9/15
19251,2022/9/16
19252,2022/9/17
19253,2022/9/18
19254,2022/9/19
19255,2022/9/20
19256,2022/9/21
19257,2022/9/22
19258,2022/9/23
19259,2022/9/24
19260,2022/9/25
19261,2022/9/26
19262,2022/9/27
19263,2022/9/28
19264,2022/9/29
19265,2022/9/30
19266,2022/10/1
19267,2022/10/2
19268,2022/10/3
19269,2022/10/4
19270,2022/10/5
19271,2022/10/6
19272,2022/10/7
19273,2022/10/8
19274,2022/10/9
19275,2022/10/10
19276,2022/10/11
19277,2022/10/12
19278,2022/10/13
19279,2022/10/14
19280,2022/10/15
19281,2022/10/16
19282,2022/10/17
19283,2022/10/18
19284,2022/10/19
19285,2022/10/20
19286,2022/10/21
19287,2022/10/22
19288,2022/10/23
19289,2022/10/24
19290,2022/10/25
19291,2022/10/26
